﻿INSERT INTO Szulok VALUES ('845241ED','Kiss Karolina', '06204546520','kiss.karolina@gmail.com','Debrecen',0); 
INSERT INTO Szulok VALUES ('455123DA','Teszt Elek', '0642400456','teszt.elek@hotmail.com','Debrecen',1); 
INSERT INTO Szulok VALUES ('788963KL','Nagy Béla', '+36304778523','nagy.bela@freemail.hu','Budapest',1); 
INSERT INTO Szulok VALUES ('122366IK','Balogh András','06704547896','balogh.andras@gmail.com','Nyíregyháza',0); 
INSERT INTO Szulok VALUES ('147852OK','Balogh Bence','06305552222','balogh.bence@gmail.com','Nyíregyháza',0); 
INSERT INTO Szulok VALUES ('222333AE','Péter Árpád','06204445566','peter.arpad@hotmail.com','Nyíregyháza',1); 
INSERT INTO Gyerekek VALUES ('ShadoWarrior', 'Troll Péter', 10, '147852OK'); 
INSERT INTO Gyerekek VALUES ('Camembert12', 'Troll Erik', 12, '147852OK'); 
INSERT INTO Gyerekek VALUES ('Okoska25', 'Polák Péter', 8, '845241ED'); 
INSERT INTO Gyerekek VALUES ('Hehopka', 'László István', 11, '222333AE'); 
INSERT INTO Gyerekek VALUES ('Tudor77', 'Bakos Gergő', 10, '455123DA'); 
INSERT INTO Gyerekek VALUES ('Paradicsom69', 'Tóth Zoltán', 13, '845241ED'); 
INSERT INTO Gyerekek VALUES ('Cicuska99', 'Nagy Mónika', 9, '122366IK'); 
INSERT INTO Gyerekek VALUES ('Királylány', 'Erdős Beáta', 10, '222333AE'); 
INSERT INTO Gyerekek VALUES ('Devilke', 'Teszt Előd', 11, '455123DA'); 
INSERT INTO Gyerekek VALUES ('KisIgnorka', 'Balogh Bence', 13, '147852OK'); 
INSERT INTO Helyszinek VALUES (1, 'FunnyHouse Közösségi Ház', 'Debrecen','Csapókert', '06304477556', 30); 
INSERT INTO Helyszinek VALUES (2, 'Entranet Alapítvány', 'Nyíregyháza', 'Fő', '06701123647', 25); 
INSERT INTO Helyszinek VALUES (3, 'ÚjNemzedék közösségi tér', 'Budapest', 'Kossuth', '06204478852',45); 
INSERT INTO Helyszinek VALUES (4, 'Városi Művelődési központ', 'Pécs', 'Széchenyi', '06704415978', 17); 
INSERT INTO Helyszinek VALUES (5, 'Megyei Könyvtár', 'Nyíregyháza', 'Városmajor', '06302247851', 50); 
INSERT INTO Taborok VALUES(1, 'History', '2019.07.01','2019.07.08', 16, 16, 2); 
INSERT INTO Taborok VALUES(2, 'Halloween', '2019.10.28', '2019.10.31', 13, 13, 5); 
INSERT INTO Taborok VALUES(3, 'SummerTime','2019.08.10', '2019.08.16', 13, 13, 1); 
INSERT INTO Taborok VALUES(4, 'History','2019.07.12','2019.07.19', 15, 15, 3); 
INSERT INTO Taborok VALUES(5, 'Öko', '2019.07.20','2019.07.25', 10, 10, 3); 
INSERT INTO Jelentkezesek VALUES (1, 'ShadoWarrior', 2,null,'A gyermekem lisztérzékeny','2019.10.01'); 
INSERT INTO Jelentkezesek VALUES (2, 'Camembert12', 2,null,'Az első nap késni fog!','2019.09.15'); 
INSERT INTO Jelentkezesek VALUES (3, 'Okoska25', 2,null,null,'2019.10.25'); 
INSERT INTO Jelentkezesek VALUES (4, 'Okoska25', 3,'CCA2019','Nem kér ebédet, hanem a saját ebédjét eszi meg!','2019.08.01'); 
INSERT INTO Jelentkezesek VALUES (5, 'Paradicsom69', 4,null,null,'2019.06.26'); 
INSERT INTO Jelentkezesek VALUES (6, 'Királylány', 3,null,'Csak laktózmentes ételt eszik!', '2019.03.24'); 